id_asegurado,nombre,cedula,segmento,antigueedad,ciudad,numero_de_polizas,reclamos_ultimos_12_meses,mora_actual,score_cliente_simulado
ASEG-100000,Albano Llopis Hierro,0152276804,Corporativo,1,Loja,1,0,Sí,64
ASEG-100001,Buenaventura de Bonet,2005774423,Eándar,13,Azogues,2,3,No,67
ASEG-100002,Ileana Antón-Andrés,0721333201,Corporativo,9,Cuenca,1,3,Sí,85
ASEG-100003,César Guerrero Vazquez,2148310671,Eándar,14,Machala,2,0,No,67
ASEG-100004,Alba Mar Flor Rivas,2121367607,Premium,9,Zamora,2,1,No,74
ASEG-100005,Jacobo del Agudo,2155687201,VIP,7,Machala,3,0,Sí,86
ASEG-100006,Paco Rocamora Nieto,0754861177,VIP,12,Machala,4,3,No,64
ASEG-100007,Casemiro Garrido-Navarro,1730016746,Eándar,7,Cuenca,4,3,No,85
ASEG-100008,Arturo Pinto Caballero,2251877326,Premium,8,Loja,1,2,Sí,82
ASEG-100009,Soraya Núñez Lamas,2128513195,Eándar,10,Loja,3,3,Sí,57
ASEG-100010,Pánfilo Segovia Casanovas,1010890406,Premium,3,Machala,4,1,No,83
ASEG-100011,Ani Marcos Pardo,1419767361,VIP,8,Azogues,4,0,Sí,64
ASEG-100012,Celia Baños-Arroyo,1105220626,Eándar,14,Loja,3,0,Sí,67
ASEG-100013,Rolando del Bernal,0741954788,Premium,2,Zamora,1,3,No,77
ASEG-100014,Toribio de Pinto,1550660789,Eándar,4,Zamora,2,1,No,58
ASEG-100015,Javi Patiño-Cánovas,0624808804,Eándar,2,Zamora,2,1,No,81
ASEG-100016,Felicidad Gallego Lasa,0739103976,VIP,7,Zamora,4,1,Sí,68
ASEG-100017,Marco Donoso Hierro,0247030497,Premium,1,Cuenca,1,1,Sí,88
ASEG-100018,Jerónimo Pino Lerma,2214955003,VIP,15,Loja,3,1,No,65
ASEG-100019,Constanza del Barba,1316237047,Eándar,2,Machala,2,2,Sí,72
ASEG-100020,Segismundo de Moles,0822453981,Eándar,11,Loja,3,0,Sí,66
ASEG-100021,Edelmira Batalla Galván,0455267260,VIP,9,Loja,4,2,Sí,55
ASEG-100022,Valentina Miranda-Garcia,0900762758,Corporativo,9,Zamora,1,0,Sí,94
ASEG-100023,Gertrudis Segarra Clavero,1808511388,Eándar,15,Cuenca,3,1,Sí,92
ASEG-100024,Buenaventura Huerta-Jódar,1248461988,Premium,15,Loja,4,0,Sí,71
ASEG-100025,Inés Pujol-Paredes,2258271887,Premium,4,Zamora,4,2,No,64
ASEG-100026,Bruno del Bou,0151389269,Corporativo,11,Cuenca,3,0,Sí,66
ASEG-100027,Tito Canals Coronado,1920537493,Eándar,7,Cuenca,2,2,Sí,95
ASEG-100028,Ruy Roca Bartolomé,0149577637,Eándar,11,Zamora,3,2,Sí,69
ASEG-100029,Francisca Solé Ángel,1054421498,Premium,10,Azogues,3,3,Sí,69
ASEG-100030,Leonel Alberdi-Carbó,0737634659,Premium,11,Machala,1,2,No,55
ASEG-100031,Pili del Nieto,2222102481,Eándar,8,Cuenca,4,1,No,81
ASEG-100032,Eugenio Royo Cruz,0816077143,Premium,13,Zamora,4,0,Sí,57
ASEG-100033,Abril Lago Valle,0536959869,Corporativo,14,Zamora,4,1,No,78
ASEG-100034,José Luis Camino Martín,0852742477,Premium,5,Machala,3,2,Sí,58
ASEG-100035,María Fernanda Flor,0836704544,Premium,14,Cuenca,4,3,Sí,86
ASEG-100036,Glauco Cuéllar Abascal,1609238850,Premium,8,Zamora,2,2,No,81
ASEG-100037,Etelvina Laura Aliaga Caparrós,1326778998,Eándar,15,Loja,4,0,Sí,91
ASEG-100038,Valeria Meléndez Heras,0531234383,VIP,13,Zamora,4,2,Sí,80
ASEG-100039,Dionisio Bermúdez Boada,2440920904,Eándar,4,Loja,2,0,Sí,65
ASEG-100040,Sabina Bayón Casas,1651942367,Eándar,13,Cuenca,2,2,Sí,87
ASEG-100041,Narciso Talavera Dalmau,1046937064,Premium,2,Loja,3,0,Sí,72
ASEG-100042,Juan Luis Rocha-Galán,1453538819,VIP,11,Azogues,4,1,No,61
ASEG-100043,Priscila de Mesa,2126974852,VIP,14,Azogues,2,0,No,78
ASEG-100044,Nazaret Perea Ríos,1546308121,VIP,6,Cuenca,3,2,Sí,83
ASEG-100045,Jennifer Carrillo,0317476646,Eándar,2,Cuenca,3,1,No,94
ASEG-100046,Daniel de Neira,1055454738,Corporativo,5,Cuenca,3,2,Sí,57
ASEG-100047,Macario Grau Giménez,1107961722,VIP,2,Cuenca,2,2,Sí,73
ASEG-100048,Andrés Felipe Barral Granados,1007100298,Corporativo,2,Cuenca,1,2,No,80
ASEG-100049,Víctor Angulo Murillo,1119281044,Eándar,3,Zamora,2,2,Sí,65
ASEG-100050,José Ángel Gárate Lopez,1836725448,Corporativo,5,Loja,1,0,Sí,90
ASEG-100051,Clotilde Catalán Suárez,0950251462,Corporativo,5,Cuenca,1,1,No,95
ASEG-100052,Ruben del Ramírez,2330227584,Premium,7,Machala,1,1,Sí,67
ASEG-100053,Asdrubal Caballero,0301375218,VIP,12,Cuenca,4,2,No,78
ASEG-100054,Felicidad Roda Reig,2008760262,Eándar,13,Loja,3,0,Sí,80
ASEG-100055,Teresa Balaguer Cabello,2139156406,VIP,7,Azogues,3,2,Sí,60
ASEG-100056,Heriberto Nicolau Canales,1454647007,VIP,6,Machala,1,3,Sí,92
ASEG-100057,Clemente de Sanabria,1530564408,VIP,9,Azogues,2,2,No,94
ASEG-100058,Héctor Español Lopez,0409621554,Eándar,4,Zamora,1,3,Sí,91
ASEG-100059,Diana Benet Salazar,1652744440,Premium,7,Cuenca,2,1,Sí,67
ASEG-100060,Ariel de Alcolea,1142078565,Premium,8,Zamora,4,2,No,85
ASEG-100061,Renato Guzmán Delgado,1339892380,Corporativo,1,Azogues,3,3,No,74
ASEG-100062,Julieta Teruel García,1601931809,Corporativo,1,Cuenca,2,3,Sí,54
ASEG-100063,Yaiza Barral Cózar,0926303652,VIP,11,Zamora,4,0,Sí,65
ASEG-100064,Abril Portero Lara,0850977117,VIP,15,Machala,1,0,No,53
ASEG-100065,Eloísa Rocha Torrecilla,1224246114,Corporativo,10,Machala,2,3,Sí,64
ASEG-100066,Claudio Martin Gelabert,2124684255,Eándar,8,Zamora,3,2,No,94
ASEG-100067,Luis Miguel Barrera Mir,1521342558,VIP,1,Machala,4,2,Sí,86
ASEG-100068,Amador Tapia Valverde,2054927633,Premium,10,Loja,3,1,Sí,90
ASEG-100069,Camila Barberá,1030319345,Premium,3,Loja,3,2,Sí,66
ASEG-100070,Anita Estevez,1058840727,Corporativo,14,Zamora,3,0,No,50
ASEG-100071,Manuel Bayo Gutierrez,1804665899,Eándar,11,Machala,2,3,Sí,89
ASEG-100072,Azeneth Hoz Ariño,1142089349,Premium,1,Azogues,1,2,No,57
ASEG-100073,Anita Hortensia Yáñez Molina,0841467947,Premium,15,Loja,4,0,No,89
ASEG-100074,Cristian Miralles-Gómez,0906242391,VIP,9,Zamora,3,0,No,67
ASEG-100075,Hector Castro-Marín,0430269035,Premium,13,Cuenca,2,0,Sí,87
ASEG-100076,Estela Belmonte Agustí,0827752999,VIP,13,Cuenca,2,0,Sí,58
ASEG-100077,María Ángeles Cabo Beltrán,1215021419,Eándar,8,Loja,4,2,Sí,78
ASEG-100078,Clotilde del Cazorla,0840785497,Eándar,8,Azogues,4,3,Sí,81
ASEG-100079,Vera Bayona Hidalgo,0303116578,Corporativo,10,Zamora,3,3,No,56
ASEG-100080,Elodia Cruz Ríos,2158584843,Corporativo,7,Loja,4,0,No,77
ASEG-100081,Ofelia del Ángel,2223190808,Eándar,12,Machala,3,1,Sí,87
ASEG-100082,Nazario Marí Calleja,1826489492,Eándar,5,Azogues,3,2,Sí,86
ASEG-100083,Eligio Carlos Campo,0716218375,Premium,13,Azogues,4,0,No,51
ASEG-100084,Calixta del Luján,0957931165,Eándar,3,Cuenca,1,0,Sí,74
ASEG-100085,Clementina Paca Novoa Frutos,1521339588,Premium,3,Zamora,1,0,No,78
ASEG-100086,José Antonio Torres-Iglesias,1644271429,Corporativo,9,Zamora,3,0,Sí,75
ASEG-100087,Arturo Roda Lloret,0202977211,Corporativo,12,Azogues,4,1,Sí,74
ASEG-100088,Abel Múgica Castrillo,2315880803,Eándar,8,Azogues,1,2,No,86
ASEG-100089,Cecilio Sala-Roma,2354103869,VIP,2,Zamora,4,0,Sí,77
ASEG-100090,Adelia de Benet,1340872702,Eándar,9,Azogues,2,2,No,91
ASEG-100091,Leandro Araujo Peiró,0801167610,Corporativo,8,Cuenca,4,2,No,59
ASEG-100092,Mamen Colomer-Ropero,0334320538,Corporativo,1,Zamora,1,2,No,54
ASEG-100093,Alfonso Mendez Pastor,2045457849,Premium,6,Loja,4,1,Sí,78
ASEG-100094,Vinicio Pallarès Gallo,1150607958,Premium,6,Loja,3,2,No,76
ASEG-100095,Nazario de Otero,2240633533,VIP,12,Machala,2,2,Sí,87
ASEG-100096,Verónica del Cortes,1229635931,Corporativo,11,Cuenca,3,1,Sí,91
ASEG-100097,Toni de Elorza,1720393717,Premium,3,Zamora,1,2,Sí,82
ASEG-100098,Aitana Escobar Márquez,2440371314,Premium,12,Azogues,4,0,No,73
ASEG-100099,Rosario Hurtado Lasa,1542745383,Corporativo,15,Cuenca,2,2,No,79
ASEG-100100,Rufino Campoy Piñeiro,1345988123,Corporativo,14,Machala,3,0,Sí,68
ASEG-100101,Timoteo Sosa Girón,0624580981,VIP,15,Loja,1,3,Sí,75
ASEG-100102,Sebastian Seguí,1213023078,VIP,13,Azogues,2,1,Sí,68
ASEG-100103,Encarnación Goñi Gisbert,2317469027,Premium,9,Zamora,4,0,No,65
ASEG-100104,Narciso Ferrando Pujadas,0402660849,Eándar,11,Machala,2,1,No,77
ASEG-100105,Eligia Baños Lorenzo,2022460907,Eándar,7,Loja,4,0,No,73
ASEG-100106,Miguela Vergara Pulido,2403026152,VIP,3,Machala,1,2,No,91
ASEG-100107,Eusebia de Carlos,2239411792,Eándar,5,Cuenca,2,0,Sí,52
ASEG-100108,Chuy Lara-Arenas,1043840626,Eándar,14,Machala,3,2,Sí,73
ASEG-100109,Marc Rovira Ojeda,1354931634,VIP,13,Zamora,1,3,Sí,77
ASEG-100110,Isa Vidal Carlos,0642132476,Premium,12,Azogues,4,2,No,52
ASEG-100111,Ximena Falcón Iñiguez,2032990638,Premium,1,Machala,2,3,Sí,58
ASEG-100112,Paulino Rubio Abellán,0853356699,VIP,8,Loja,1,1,No,75
ASEG-100113,Ángela Figueras,2122174358,VIP,13,Machala,3,3,Sí,89
ASEG-100114,Irene Becerra Murillo,2332101795,VIP,11,Machala,3,0,No,69
ASEG-100115,Estefanía Narcisa Casanovas Mas,2359675127,Premium,4,Cuenca,4,0,No,85
ASEG-100116,Esmeralda Real,1238560393,Corporativo,9,Azogues,4,3,Sí,58
ASEG-100117,Graciana Marqués Castejón,2104638768,Premium,13,Machala,2,3,Sí,57
ASEG-100118,Humberto Pinilla,0521373985,Eándar,5,Azogues,2,2,Sí,90
ASEG-100119,Mario Mascaró Ramis,2040655165,VIP,14,Machala,1,0,Sí,52
ASEG-100120,Serafina de Mateu,0952560852,VIP,8,Azogues,2,3,No,79
ASEG-100121,Cruz Ildefonso Montserrat Sola,2301443186,VIP,12,Loja,3,3,Sí,73
ASEG-100122,Isaura García Vicente,1803422029,Corporativo,14,Azogues,4,1,Sí,70
ASEG-100123,Rosalina Doménech Blazquez,2421194842,Eándar,7,Azogues,4,1,Sí,87
ASEG-100124,José Ángel Natanael Naranjo Bueno,0202586202,Eándar,7,Machala,2,2,No,75
ASEG-100125,Nicodemo del Gomila,0230532343,VIP,14,Machala,1,1,Sí,75
ASEG-100126,Candelario Amat,1149715508,Premium,12,Machala,3,3,No,59
ASEG-100127,Donato Talavera Beltran,1713619722,VIP,9,Azogues,4,2,No,51
ASEG-100128,Herminia Ferreras Plana,1151438866,Corporativo,5,Machala,2,0,No,60
ASEG-100129,Gloria Hervás Coloma,2156816098,Eándar,4,Azogues,1,3,No,76
ASEG-100130,Victoriano Campillo Rodríguez,1452564873,Premium,9,Cuenca,2,2,No,83
ASEG-100131,Chus del Ayllón,1114556861,VIP,10,Zamora,4,1,Sí,67
ASEG-100132,Diana de Sastre,1019977642,Corporativo,6,Azogues,3,2,Sí,86
ASEG-100133,Salvador Sobrino Molins,1338982273,VIP,15,Azogues,4,2,No,63
ASEG-100134,María José Vargas Roldan,1829616521,Premium,11,Cuenca,2,0,Sí,76
ASEG-100135,Itziar de Taboada,2331705943,Corporativo,8,Machala,2,2,No,68
ASEG-100136,Dora Huertas Lluch,0355579913,Premium,15,Loja,1,3,No,61
ASEG-100137,Julieta Haro,0202693461,Corporativo,15,Machala,2,3,No,62
ASEG-100138,Isidro Berenguer-Macias,1117670321,Premium,3,Loja,4,3,No,55
ASEG-100139,Elías del Montenegro,2201132228,VIP,6,Zamora,3,0,No,91
ASEG-100140,Anita de Contreras,2310134586,VIP,12,Machala,1,2,No,89
ASEG-100141,Gregorio de Gargallo,0814493797,Premium,13,Cuenca,2,0,No,83
ASEG-100142,Hipólito Ramón Muro,0341892511,Corporativo,2,Machala,2,3,Sí,82
ASEG-100143,Josefa del Barrios,0231455635,Eándar,7,Zamora,3,0,Sí,87
ASEG-100144,Sigfrido Rivera,0233099092,Eándar,5,Loja,4,1,Sí,91
ASEG-100145,Yolanda Aller Pintor,1234930988,Premium,11,Zamora,3,0,Sí,84
ASEG-100146,Adelaida Ortiz Martín,1717200263,Corporativo,9,Zamora,4,1,Sí,79
ASEG-100147,Tamara Rius Giménez,0521870667,Eándar,4,Machala,2,0,Sí,88
ASEG-100148,Constanza Llamas Ruano,1546820455,Eándar,3,Loja,3,1,No,86
ASEG-100149,Albina Porcel Navarrete,2222895423,Premium,11,Azogues,4,3,Sí,72
ASEG-100150,Paloma Dalmau Solsona,1726421520,Premium,5,Zamora,2,3,Sí,85
ASEG-100151,María Amores Prada,1445323049,VIP,2,Zamora,2,0,No,74
ASEG-100152,Marcela Amores-Blanes,2008177541,VIP,5,Azogues,1,1,Sí,57
ASEG-100153,Bernarda Serrano Espada,0856295738,VIP,5,Zamora,3,2,No,79
ASEG-100154,Eladio Pinilla Morán,2437323088,Premium,1,Loja,3,3,No,59
ASEG-100155,Javi Morillo,1113846628,Corporativo,12,Cuenca,4,3,Sí,72
ASEG-100156,Pía Pinilla Lobo,0555189950,Eándar,14,Cuenca,1,0,No,58
ASEG-100157,Dolores Bilbao Sosa,0351240692,Corporativo,11,Cuenca,4,0,Sí,84
ASEG-100158,Reinaldo Azorin Olmo,1400752562,Corporativo,13,Azogues,2,0,Sí,83
ASEG-100159,Moreno de Arjona,0816237093,Corporativo,10,Cuenca,2,1,No,93
ASEG-100160,Duilio Flores Almagro,2157035003,Premium,2,Loja,4,3,No,86
ASEG-100161,Calista Dafne Cases Sáenz,1702965292,VIP,15,Loja,1,1,No,51
ASEG-100162,Lope Gibert Sola,1917730127,Corporativo,11,Cuenca,3,3,Sí,94
ASEG-100163,Rodolfo Peinado-Diez,1759048372,Corporativo,13,Loja,3,0,No,78
ASEG-100164,María Dolores Piedad Carbó Céspedes,0825315377,VIP,13,Zamora,2,0,Sí,67
ASEG-100165,Baltasar Luis Miguel Amigó Mesa,1357133097,Corporativo,6,Cuenca,3,0,Sí,55
ASEG-100166,Nicolasa Perez-Puente,1435510555,VIP,14,Cuenca,4,0,No,76
ASEG-100167,Anselmo Herrero,0359995131,Premium,5,Zamora,3,2,No,59
ASEG-100168,Pablo Mata Carrillo,0632273975,Corporativo,10,Loja,2,3,Sí,58
ASEG-100169,Ricarda Armengol-Olivera,0133683383,Premium,5,Machala,3,1,No,70
ASEG-100170,Inés del Bayón,1322645233,Corporativo,6,Cuenca,1,1,Sí,93
ASEG-100171,Miriam Nogueira,0154742688,Corporativo,11,Azogues,4,1,No,65
ASEG-100172,Teobaldo Rivera Trillo,2217709449,Corporativo,9,Machala,1,2,Sí,56
ASEG-100173,Inocencio Paredes Segura,2253609636,VIP,13,Cuenca,4,0,Sí,56
ASEG-100174,Isaac Echeverría Vélez,0847562345,Premium,6,Machala,1,3,Sí,68
ASEG-100175,Mario Tomás-Sola,0308733757,VIP,8,Zamora,1,3,No,70
ASEG-100176,Sara Ledesma Mora,1008186619,Premium,9,Loja,2,1,No,85
ASEG-100177,Severo de Lorenzo,1517616379,Premium,8,Zamora,4,3,Sí,95
ASEG-100178,Daniela Sobrino Pinilla,0727801813,VIP,4,Cuenca,4,0,No,92
ASEG-100179,Albina Urrutia Morcillo,1753331345,Premium,14,Zamora,3,0,Sí,70
ASEG-100180,Jose Francisco Garay Pacheco,0821313558,Corporativo,3,Loja,4,1,Sí,81
ASEG-100181,Francisco Losa-Llorente,0513403014,Corporativo,9,Machala,4,3,No,76
ASEG-100182,Adelina de Boada,1610072256,Premium,13,Zamora,4,3,Sí,86
ASEG-100183,Plácido del Torres,0948380753,Corporativo,2,Loja,2,2,Sí,78
ASEG-100184,Purificación de Tamayo,1204972853,VIP,14,Machala,4,1,Sí,63
ASEG-100185,Jacinta Alemany Buendía,0243253721,VIP,14,Cuenca,1,1,No,53
ASEG-100186,Dan Hermenegildo Hervia Medina,2117113288,Corporativo,8,Machala,2,2,No,74
ASEG-100187,Flor Sáenz-Núñez,0357747682,Corporativo,8,Zamora,3,0,Sí,79
ASEG-100188,Petrona Muro Ortiz,0343984324,Premium,10,Machala,4,2,Sí,52
ASEG-100189,Elba Medina Iglesias,2130914944,Premium,15,Loja,3,1,No,55
ASEG-100190,Benito de Moles,0903913366,Premium,7,Machala,1,0,Sí,63
ASEG-100191,Ramiro Esteve Feliu,0315540310,Corporativo,12,Zamora,2,3,Sí,64
ASEG-100192,Rafael Tomé,0358132389,Premium,11,Zamora,2,0,Sí,89
ASEG-100193,Porfirio Zamorano-Luna,1527614687,Eándar,15,Cuenca,1,1,Sí,87
ASEG-100194,Sigfrido Ferrera Marti,1233120565,VIP,13,Zamora,1,2,Sí,83
ASEG-100195,Geraldo de Mate,1717208944,Eándar,4,Azogues,4,0,Sí,73
ASEG-100196,Paulino Castañeda Lledó,0538536798,Eándar,1,Machala,1,0,No,63
ASEG-100197,Amando Manzano Cases,0235654704,Premium,5,Loja,1,2,Sí,82
ASEG-100198,Aroa Alberola Luís,0543576631,Corporativo,12,Cuenca,2,0,Sí,55
ASEG-100199,Julia Saez Niño,0436066104,Premium,12,Zamora,1,1,No,72
ASEG-100200,Amancio Iriarte Tejedor,1752378719,Eándar,6,Azogues,4,2,Sí,66
ASEG-100201,Segismundo Bas Pérez,2104508110,Eándar,15,Azogues,1,1,Sí,52
ASEG-100202,Angelina Baeza Cordero,0804319853,Corporativo,4,Loja,3,1,No,70
ASEG-100203,Santiago Mateu Blázquez,0343591897,Corporativo,2,Machala,4,2,No,70
ASEG-100204,Benigno del Gonzalez,1830253645,Corporativo,13,Loja,2,1,Sí,50
ASEG-100205,Fortunata Sanjuan,0115660375,Corporativo,14,Zamora,3,0,Sí,83
ASEG-100206,Emma Romeu Mayoral,1439912021,Corporativo,12,Cuenca,3,3,Sí,87
ASEG-100207,María Teresa Barrena-Cabezas,1716350614,VIP,5,Loja,3,3,No,70
ASEG-100208,Matías Galván,0910275114,Corporativo,6,Zamora,4,0,No,63
ASEG-100209,Natalio Bertrán-Crespo,1032116863,Eándar,4,Zamora,3,1,Sí,95
ASEG-100210,Chema de Crespi,1235629043,Corporativo,9,Cuenca,2,0,No,56
ASEG-100211,Hernando Sanjuan Soriano,0400721460,Eándar,10,Cuenca,3,0,Sí,54
ASEG-100212,Alcides David Maldonado Luna,2138088196,Eándar,3,Cuenca,4,3,No,51
ASEG-100213,Andrea Guillen Lamas,2231212800,Premium,11,Zamora,3,3,No,85
ASEG-100214,Nadia Figuerola-Rodríguez,0202118568,Eándar,7,Zamora,3,3,No,72
ASEG-100215,Lalo Gomila Company,1723132872,Eándar,13,Azogues,4,2,Sí,60
ASEG-100216,Severiano Cisneros-Bellido,0852577790,Corporativo,6,Loja,2,1,Sí,87
ASEG-100217,Celestino Meléndez Malo,2453573517,Premium,14,Machala,4,2,Sí,81
ASEG-100218,Beatriz Solís Mateu,0302250923,Premium,6,Loja,2,2,Sí,51
ASEG-100219,Elena Vall Uribe,1959788934,Corporativo,10,Cuenca,1,2,No,70
ASEG-100220,Anita Ariño Rosales,0659796197,VIP,4,Cuenca,2,3,No,94
ASEG-100221,María Del Carmen Ibáñez Amigó,0517993994,Eándar,3,Machala,3,1,Sí,81
ASEG-100222,Darío Almansa Leon,1150336988,VIP,8,Cuenca,1,2,Sí,65
ASEG-100223,Almudena Díez-Sosa,1227704416,Corporativo,8,Loja,4,2,No,56
ASEG-100224,Modesta Salamanca,1957247008,VIP,2,Zamora,1,2,Sí,74
ASEG-100225,Cipriano Ruano-Téllez,2405805645,Eándar,7,Cuenca,2,3,Sí,53
ASEG-100226,Joel Oliveras Real,1119459566,VIP,4,Loja,1,0,No,86
ASEG-100227,Estrella Calvo Cuevas,1610008649,Eándar,1,Azogues,2,1,No,55
ASEG-100228,Guiomar Valbuena Maldonado,0427482633,VIP,15,Zamora,4,2,Sí,78
ASEG-100229,Ruth Arco Sanz,0934220765,Eándar,11,Loja,3,3,Sí,85
ASEG-100230,Fausto Iniesta Morales,1344584840,Eándar,7,Loja,1,1,Sí,78
ASEG-100231,Rolando Quintero Vilar,0618149496,Premium,14,Cuenca,3,2,Sí,55
ASEG-100232,Nando Sevilla Reyes,1835859073,Corporativo,2,Zamora,4,1,Sí,86
ASEG-100233,Ciríaco Villegas Pardo,1909512533,Corporativo,5,Azogues,4,3,No,52
ASEG-100234,Prudencia Leticia Salamanca Aznar,0931660831,Premium,1,Cuenca,4,2,No,51
ASEG-100235,Eliseo Castro,1022460818,Corporativo,13,Machala,3,2,No,88
ASEG-100236,Isidoro Valerio Tormo Carrión,0732877881,Premium,2,Loja,3,3,Sí,83
ASEG-100237,Maxi Heras Cuadrado,0111882494,Premium,5,Azogues,3,3,No,90
ASEG-100238,Leoncio Adrián Raya Buendía,2202449456,VIP,3,Loja,3,0,No,51
ASEG-100239,Sosimo de Serrano,0218722221,Corporativo,9,Zamora,1,0,No,58
ASEG-100240,Moisés Correa Valentín,2002697726,Corporativo,14,Cuenca,3,3,No,63
ASEG-100241,José Manuel Patricio Llano Ribes,1055650996,VIP,9,Zamora,3,2,Sí,80
ASEG-100242,Jovita Hervás Saura,1126827821,Premium,9,Loja,2,0,No,92
ASEG-100243,Blanca del Farré,2217692439,Eándar,10,Machala,2,2,Sí,93
ASEG-100244,Liliana Piedad Cerezo Baños,2139658880,Premium,5,Azogues,1,3,Sí,66
ASEG-100245,Rolando Ribera-Nieto,0658622840,VIP,6,Azogues,3,2,No,57
ASEG-100246,Débora Acedo,0255908584,Corporativo,9,Zamora,3,3,Sí,59
ASEG-100247,Primitivo Eustaquio Tovar Comas,0724594379,Eándar,8,Cuenca,3,1,No,90
ASEG-100248,Lupita Tomé Ochoa,0132717471,Eándar,3,Loja,4,3,No,77
ASEG-100249,Mamen Pi Sarabia,1300130380,Premium,1,Zamora,1,1,Sí,94
ASEG-100250,Tomasa Fabregat Haro,1011530092,Corporativo,12,Machala,3,3,Sí,71
ASEG-100251,Fátima Guillen-Reig,1211980295,Premium,12,Zamora,1,1,Sí,73
ASEG-100252,Federico Suárez Piquer,1352509663,Eándar,1,Loja,1,3,No,74
ASEG-100253,Narcisa Cornejo Valbuena,1824166365,VIP,10,Loja,2,3,Sí,82
ASEG-100254,Bernardino Vallés Mármol,0421111253,Premium,6,Azogues,4,2,Sí,52
ASEG-100255,Ulises Sacristán Cabo,1616420012,Corporativo,3,Azogues,1,0,Sí,66
ASEG-100256,Zaida Saura,1522088838,VIP,7,Cuenca,1,0,Sí,50
ASEG-100257,Poncio Cobos Redondo,2251346801,VIP,3,Cuenca,1,3,No,79
ASEG-100258,Anselmo Soria Landa,1358767166,Eándar,14,Machala,2,0,No,87
ASEG-100259,Matilde Puga Bernat,1954676886,Premium,8,Zamora,4,0,No,78
ASEG-100260,Tamara Pinto Moliner,0326085776,Premium,11,Loja,3,0,No,92
ASEG-100261,Trini Araujo Bayona,1626618860,Eándar,11,Cuenca,2,3,No,60
ASEG-100262,Maximiano del Gordillo,1622902649,Premium,2,Loja,4,3,No,55
ASEG-100263,Isaac Cabello Cabrera,1521461457,Eándar,14,Zamora,1,2,Sí,91
ASEG-100264,Carina Marí Andres,1128883756,VIP,12,Zamora,4,0,Sí,92
ASEG-100265,Fermín Barba Marcos,0123675316,Premium,8,Cuenca,2,3,Sí,66
ASEG-100266,Florentina Rosa Coello,0711828137,Corporativo,1,Azogues,1,3,No,92
ASEG-100267,Juan Manuel del Escolano,1719075457,Premium,12,Azogues,2,1,Sí,74
ASEG-100268,Chucho Bermúdez Piñeiro,2025399722,VIP,5,Azogues,4,1,Sí,76
ASEG-100269,Nilda Dalila Valenciano Clemente,2355853751,Premium,4,Azogues,2,2,No,93
ASEG-100270,Jerónimo del Segura,2359156771,Corporativo,10,Cuenca,4,2,No,50
ASEG-100271,Nazario Agustí-Sola,0403002793,VIP,3,Azogues,1,2,Sí,84
ASEG-100272,Nilo Leandro Cruz Benavent,1231878750,Premium,9,Loja,3,0,No,74
ASEG-100273,Fabiola Martínez Rodrigo,2229072885,Corporativo,14,Zamora,2,2,Sí,62
ASEG-100274,Javier Matas-Flor,1519097107,VIP,9,Machala,3,1,Sí,87
ASEG-100275,Tamara Tomas Campillo,0124909573,VIP,8,Machala,3,0,No,83
ASEG-100276,Graciano del Marqués,0640545026,Premium,11,Cuenca,3,2,No,68
ASEG-100277,Aitor Severino Priego Llobet,2044576136,Premium,15,Cuenca,2,0,No,74
ASEG-100278,Lorenzo Avilés Valdés,1325298386,Corporativo,8,Loja,1,2,Sí,70
ASEG-100279,Román Salomón Grau Ortuño,0301950069,Premium,14,Azogues,4,0,Sí,84
ASEG-100280,Maximino de Iglesia,2107143006,VIP,9,Zamora,1,1,No,76
ASEG-100281,Mauricio Caballero Ariza,1554331072,Eándar,13,Zamora,1,0,No,82
ASEG-100282,Rufino Isidro Aragonés Patiño,1053074363,Corporativo,3,Loja,2,1,No,84
ASEG-100283,Artemio Marquez Morillo,2112898693,Eándar,9,Machala,2,0,Sí,50
ASEG-100284,Carmelita Font Catalán,2035937933,Corporativo,15,Azogues,2,1,Sí,64
ASEG-100285,Valentina del Valls,0911650794,Corporativo,11,Azogues,1,2,Sí,66
ASEG-100286,Severo Córdoba-Jimenez,0755936226,Eándar,15,Loja,2,2,No,78
ASEG-100287,Rosenda Marquez Nevado,2053553349,Eándar,6,Machala,2,1,No,67
ASEG-100288,Joaquín Benet Chico,0557843356,Premium,11,Machala,1,2,Sí,84
ASEG-100289,Tito del Paz,0958000507,Corporativo,13,Cuenca,2,0,No,84
ASEG-100290,Ruperto Prat Alcalá,1657327720,Corporativo,9,Azogues,1,3,No,82
ASEG-100291,Julio Casals-Sanz,2218861546,Premium,10,Loja,2,3,No,52
ASEG-100292,Nerea Juárez Piquer,1610302935,Corporativo,15,Cuenca,4,0,Sí,91
ASEG-100293,Asunción Guillen Soto,0459627550,Corporativo,11,Machala,4,2,Sí,83
ASEG-100294,Martín Mosquera Giralt,1315384469,Premium,8,Machala,2,1,Sí,82
ASEG-100295,Maximino Simó Matas,0711371286,Eándar,8,Machala,4,3,Sí,87
ASEG-100296,Azahar Chaves Arrieta,2130051606,Premium,1,Cuenca,2,2,Sí,83
ASEG-100297,Evaristo Ugarte Carmona,2046878928,Corporativo,14,Zamora,4,1,Sí,76
ASEG-100298,Desiderio Cerdá Pont,0548162734,Corporativo,10,Azogues,1,1,No,74
ASEG-100299,Flora Rius Cortes,0402854103,Corporativo,15,Cuenca,1,0,Sí,80
ASEG-100300,Morena Cabeza Tovar,2048876532,Eándar,12,Cuenca,4,1,No,74
ASEG-100301,Griselda Elisa Aparicio Pellicer,1959854272,Eándar,5,Machala,4,2,Sí,50
ASEG-100302,Iván Sales,1941066332,Premium,7,Loja,3,2,No,86
ASEG-100303,Teófilo del Cabezas,2029325517,Corporativo,5,Machala,3,2,No,58
ASEG-100304,Macaria Palmer Barrera,2414612438,Eándar,3,Loja,4,0,Sí,59
ASEG-100305,Eliana Falcó Carvajal,2030236794,Corporativo,10,Zamora,3,0,Sí,90
ASEG-100306,Apolonia Garay Almazán,1502682055,Premium,10,Zamora,2,0,No,65
ASEG-100307,Rubén Múgica Hervia,0609733555,Eándar,15,Loja,1,2,No,72
ASEG-100308,Rubén Fuertes Bayona,0849440151,Eándar,9,Machala,3,2,Sí,82
ASEG-100309,Claudia de Guijarro,1842434233,Corporativo,11,Machala,4,0,No,57
ASEG-100310,Remedios Coloma Acedo,0336962394,Eándar,12,Machala,3,1,No,55
ASEG-100311,Timoteo Coca-Castillo,2258094388,VIP,3,Zamora,2,3,Sí,65
ASEG-100312,Dionisia de Canet,0912883717,Eándar,11,Cuenca,4,0,Sí,80
ASEG-100313,Blas Alcolea Palma,2024988491,VIP,7,Machala,2,1,Sí,83
ASEG-100314,Macario del Alcázar,1640387419,Corporativo,6,Zamora,1,0,Sí,74
ASEG-100315,Eligio Badía Castañeda,0423812296,VIP,6,Azogues,2,3,No,63
ASEG-100316,Lucila Carballo Bartolomé,2323445961,Eándar,12,Zamora,3,1,No,74
ASEG-100317,Jacinta Paredes Vilanova,0551814981,VIP,13,Cuenca,4,2,No,85
ASEG-100318,Asunción Sans-Vara,0230122806,VIP,5,Azogues,3,2,No,72
ASEG-100319,Marino de Vázquez,1403665654,VIP,6,Loja,3,3,No,55
ASEG-100320,Jenaro Modesto Anguita Barrera,2024986941,Corporativo,14,Zamora,1,0,Sí,71
ASEG-100321,Soraya Querol Roldan,1126763877,VIP,12,Cuenca,4,3,Sí,61
ASEG-100322,Jose Luis Salcedo Beltrán,0552277238,Eándar,2,Loja,4,0,Sí,75
ASEG-100323,Felipe Colomer Bastida,0302168323,VIP,8,Azogues,2,1,Sí,51
ASEG-100324,Emigdio Morcillo Piquer,2228349524,Corporativo,3,Loja,2,3,No,83
ASEG-100325,Luisa Emilia Santiago Vega,1024203414,Eándar,1,Azogues,2,2,No,80
ASEG-100326,Irene Ariel Carbó Garrido,0159940428,Premium,13,Azogues,1,2,Sí,76
ASEG-100327,Jennifer Gracia Riba,1432768206,Premium,9,Azogues,3,2,No,76
ASEG-100328,Sarita Santana Pujadas,0311144745,VIP,1,Cuenca,2,0,Sí,61
ASEG-100329,Pastora Bustamante Milla,1021400021,Corporativo,5,Loja,4,2,No,94
ASEG-100330,Estefanía Jara Perelló,1108907047,Premium,15,Loja,3,3,Sí,57
ASEG-100331,Olegario Sánchez Bautista,1332917069,Premium,8,Cuenca,4,2,No,60
ASEG-100332,Severo Blázquez Buendía,2445261882,Premium,2,Loja,2,3,No,50
ASEG-100333,Ariadna Peralta Castillo,0941700742,Premium,6,Cuenca,1,1,Sí,81
ASEG-100334,América del Carvajal,2243970312,Eándar,3,Loja,4,1,No,85
ASEG-100335,Felicidad Rocha Aznar,1551631847,Corporativo,9,Machala,3,3,Sí,86
ASEG-100336,Marcelo Fabricio Ortiz Calleja,1823485816,Premium,8,Cuenca,3,2,No,79
ASEG-100337,Lilia Garcia-Cortes,2143108724,Eándar,11,Loja,4,1,No,85
ASEG-100338,Consuelo Campoy Ordóñez,2023615087,Premium,3,Cuenca,1,1,Sí,81
ASEG-100339,Flor de Lopez,0405865726,VIP,4,Cuenca,1,0,Sí,91
ASEG-100340,Coral Romeu-Amo,0338059439,Eándar,14,Zamora,3,0,Sí,69
ASEG-100341,Áurea Máxima Lastra Andres,0740751524,Premium,9,Loja,4,0,No,93
ASEG-100342,Elías Mendizábal Nicolás,2354175560,Corporativo,15,Zamora,3,2,No,73
ASEG-100343,Adelaida Escudero Clemente,2138325358,VIP,6,Zamora,4,3,No,50
ASEG-100344,Máxima Pérez-Baños,1040180927,VIP,1,Loja,3,1,Sí,52
ASEG-100345,Raimundo Anglada Bravo,1211352800,Corporativo,10,Zamora,2,0,No,80
ASEG-100346,Concepción Peñalver,1657806087,Corporativo,2,Cuenca,1,2,No,77
ASEG-100347,Jenny Nogueira Criado,0417896602,Eándar,6,Zamora,2,2,Sí,59
ASEG-100348,Esperanza Morata Blazquez,2259975049,Corporativo,3,Loja,2,2,Sí,80
ASEG-100349,Casemiro Criado Ayala,2405234671,Corporativo,9,Azogues,2,3,No,91
ASEG-100350,Elías Salazar Rodrigo,0746720739,Eándar,2,Azogues,4,3,No,72
ASEG-100351,María Dolores Salamanca Ribas,1125039691,Corporativo,10,Cuenca,2,3,Sí,64
ASEG-100352,Cándido Vila-Carbonell,2221707264,Premium,14,Cuenca,3,0,No,94
ASEG-100353,Irene Cantero Luque,1034372571,Corporativo,10,Loja,2,0,No,87
ASEG-100354,Lara Águila-Mendez,0221276066,Eándar,2,Azogues,4,2,No,56
ASEG-100355,Damián Prats Ballesteros,1053957948,Eándar,3,Loja,2,3,Sí,52
ASEG-100356,Cristian Mata Galván,1723313365,Premium,9,Cuenca,3,0,No,74
ASEG-100357,Roberto Jaume Mancebo,1822331755,Premium,7,Loja,2,1,No,69
ASEG-100358,Azeneth Aguilera Valencia,1135215885,VIP,12,Azogues,2,3,Sí,91
ASEG-100359,Carmelita Castelló Pinto,0620571810,Eándar,13,Azogues,3,3,No,69
ASEG-100360,Ofelia de Vall,2459271173,VIP,10,Zamora,2,1,Sí,93
ASEG-100361,Serafina del Bello,1206456731,Corporativo,8,Loja,4,1,Sí,62
ASEG-100362,Tere Arnal Rubio,0237024799,Premium,2,Cuenca,2,3,No,94
ASEG-100363,Jeremías Bermejo Millán,1514768736,Eándar,9,Machala,1,3,No,52
ASEG-100364,Inés Quiroga-Rios,1743755603,VIP,8,Cuenca,4,2,No,79
ASEG-100365,Baudelio Hermenegildo Almansa Morcillo,1426051841,Eándar,3,Cuenca,2,3,No,70
ASEG-100366,Salvador Seguí Paredes,0114888035,Premium,12,Zamora,1,0,Sí,95
ASEG-100367,Isaías Camacho Hervia,2120779612,Corporativo,1,Zamora,2,2,Sí,60
ASEG-100368,Marita Pérez Zamora,0650379217,Premium,4,Cuenca,1,2,Sí,79
ASEG-100369,Hector Menéndez Nicolás,1648642641,Corporativo,2,Zamora,1,1,No,89
ASEG-100370,Flavio de Benito,0701031056,VIP,6,Azogues,1,0,Sí,76
ASEG-100371,Melisa Carbonell,0652665597,VIP,15,Cuenca,1,0,No,70
ASEG-100372,Lina Ferrera,1307804185,VIP,9,Machala,4,1,Sí,89
ASEG-100373,Felicia Coloma Guzman,0447694696,VIP,7,Loja,3,2,No,58
ASEG-100374,Camilo Jaén Figueroa,1935641678,Premium,1,Azogues,1,0,No,90
ASEG-100375,Marcial Coronado Benet,2417943566,Eándar,11,Loja,2,2,No,54
ASEG-100376,Rolando Uribe Simó,1045713359,Eándar,14,Machala,2,1,No,71
ASEG-100377,Pía Sanchez-Moraleda,1606468534,Corporativo,15,Zamora,1,2,No,85
ASEG-100378,Bárbara Sabater Bayo,0115397010,Eándar,6,Azogues,4,1,No,61
ASEG-100379,Isaura Mateo Llobet,0427304423,Corporativo,14,Azogues,3,1,No,61
ASEG-100380,Amor Ortiz-Vera,1207940451,Premium,6,Loja,4,2,No,59
ASEG-100381,Fabián Serrano Sans,1759203811,VIP,15,Loja,1,0,No,79
ASEG-100382,Ambrosio Peinado Madrid,0447707621,Premium,4,Loja,3,2,No,78
ASEG-100383,Mohamed Bosch Vendrell,0911195154,VIP,5,Loja,2,2,Sí,60
ASEG-100384,Joaquina Armengol Sandoval,1048500902,Corporativo,1,Loja,1,3,No,61
ASEG-100385,Modesta Fabra-Montoya,1958663872,Eándar,15,Azogues,4,1,Sí,94
ASEG-100386,Juanita Leyre Contreras Barrio,0433674918,VIP,15,Zamora,3,3,Sí,94
ASEG-100387,Aroa Nuñez Blasco,1134014826,VIP,10,Machala,2,0,No,95
ASEG-100388,Mireia Duque,1146754468,Premium,8,Loja,4,0,No,63
ASEG-100389,Duilio Río Saavedra,1435361678,Corporativo,2,Azogues,4,2,Sí,78
ASEG-100390,Lourdes Cuenca,1030187346,Eándar,2,Cuenca,2,1,Sí,59
ASEG-100391,Florencia Luna Ponce,1542642820,VIP,15,Cuenca,4,2,Sí,87
ASEG-100392,Remedios Neira Badía,2044123509,VIP,2,Loja,3,0,Sí,77
ASEG-100393,Ana Sofía Murcia Busquets,1353335647,Premium,9,Azogues,4,2,No,59
ASEG-100394,Nidia del Luz,2211007444,Premium,2,Machala,2,3,No,94
ASEG-100395,Porfirio Conesa-Mínguez,1441554316,Eándar,10,Azogues,4,1,No,76
ASEG-100396,Lupe Cid Olmo,1920043591,Eándar,3,Azogues,3,3,Sí,83
ASEG-100397,Nacio Paco Pou Castelló,0314790676,VIP,10,Azogues,1,2,Sí,80
ASEG-100398,Olga Anselma Menendez Peñas,1735339218,VIP,12,Zamora,3,0,No,87
ASEG-100399,Ruth Castell Zurita,1906270416,Eándar,14,Cuenca,3,2,Sí,89
ASEG-100400,Mohamed Roda Verdugo,0920115144,Premium,5,Machala,2,3,Sí,83
ASEG-100401,Agustina Pareja Mendizábal,1109588747,Corporativo,4,Loja,4,1,Sí,86
ASEG-100402,Custodio Noguera Torre,0252804448,Premium,7,Machala,4,3,No,59
ASEG-100403,Daniel Cervantes,1402733594,Eándar,15,Azogues,3,3,No,71
ASEG-100404,Antonio Marqués Cadenas,0902546266,Premium,9,Machala,3,1,No,85
ASEG-100405,Regina Zurita,2208001426,VIP,5,Loja,2,0,Sí,89
ASEG-100406,Natalio Navarro Castro,0246896716,Premium,7,Loja,2,0,Sí,66
ASEG-100407,Florina Calista Cámara Escrivá,1559692494,VIP,5,Machala,2,0,No,53
ASEG-100408,Rufina Yaiza Daza Río,1329281099,Premium,10,Zamora,4,1,No,56
ASEG-100409,Hernán Pastor Gámez,1832697104,VIP,13,Cuenca,4,0,No,59
ASEG-100410,María Jesús López Sanchez,0253133078,Corporativo,8,Loja,4,3,Sí,84
ASEG-100411,Juanito de Mendoza,0139845937,VIP,7,Cuenca,1,0,No,84
ASEG-100412,Yaiza Ferrera Pedro,0337225965,VIP,12,Machala,4,0,No,81
ASEG-100413,Isabela Serrano-Luján,2137117541,Eándar,13,Loja,3,3,No,51
ASEG-100414,Lidia Álamo Riquelme,1103742654,Premium,12,Loja,2,0,Sí,59
ASEG-100415,Sebastian Flores Chacón,2104907114,Eándar,15,Zamora,3,0,No,89
ASEG-100416,Amancio Terrón-Pera,1908147281,Corporativo,6,Cuenca,4,2,Sí,93
ASEG-100417,Aroa de López,1813920103,VIP,3,Azogues,4,1,No,85
ASEG-100418,Rico Cueto Llamas,1519008674,Eándar,15,Cuenca,4,0,Sí,50
ASEG-100419,Yolanda Vilanova Colom,0356848762,Premium,3,Cuenca,3,3,No,65
ASEG-100420,Apolonia Girona Sanmartín,2050149679,VIP,7,Cuenca,1,1,Sí,57
ASEG-100421,Íngrid Amor Ribera,0443752761,VIP,1,Azogues,2,0,Sí,93
ASEG-100422,Hector Vallés Pereira,1611903228,Corporativo,1,Zamora,1,0,Sí,60
ASEG-100423,Guadalupe de Perera,1641875313,VIP,4,Loja,1,2,Sí,56
ASEG-100424,Alberto del Cabeza,2438324481,Premium,4,Cuenca,4,1,No,73
ASEG-100425,Rosa María Coll Cervantes,1551323056,VIP,3,Cuenca,1,3,No,76
ASEG-100426,Eric Sureda Chamorro,1118676616,Premium,2,Cuenca,4,3,Sí,87
ASEG-100427,Jacinta Adadia Bernad,1520482421,Premium,15,Zamora,1,3,Sí,52
ASEG-100428,Eduardo Garriga Conde,2440547848,Premium,2,Zamora,1,3,Sí,58
ASEG-100429,Pascuala del Cantero,1016043786,Eándar,8,Machala,4,1,No,61
ASEG-100430,Diego Eutropio Carro Asenjo,2137063653,VIP,7,Machala,3,1,Sí,89
ASEG-100431,Hugo del Barros,2405930344,Eándar,6,Machala,3,1,Sí,85
ASEG-100432,Silvio Valero Alegre,0522149590,Premium,13,Cuenca,2,2,No,67
ASEG-100433,Maricela Herranz,2232034518,VIP,8,Azogues,3,0,Sí,79
ASEG-100434,Esteban Román Abellán,0338291263,Corporativo,3,Loja,2,0,No,76
ASEG-100435,Feliciana Dalila Riera Exposito,0533462081,Premium,14,Azogues,3,3,No,91
ASEG-100436,Juan Francisco Palomo Bauzà,1646554582,VIP,3,Machala,3,1,No,73
ASEG-100437,Macaria Vera,0213419724,Premium,14,Machala,2,1,Sí,57
ASEG-100438,Manola Almagro,1141215036,VIP,3,Loja,3,3,Sí,84
ASEG-100439,Trinidad Soriano Arranz,0404414302,VIP,11,Machala,3,3,No,86
ASEG-100440,Florentina Izaguirre Alegre,1959467919,Eándar,5,Cuenca,1,3,Sí,78
ASEG-100441,Rocío Bauzà Ochoa,0320652928,Eándar,2,Machala,4,0,No,62
ASEG-100442,Quique de Márquez,1146993181,VIP,7,Zamora,3,0,No,72
ASEG-100443,Alfredo Ortuño Nevado,1038074983,VIP,3,Machala,4,3,Sí,87
ASEG-100444,Severo Sobrino Tejero,0312489099,Corporativo,2,Azogues,1,3,No,76
ASEG-100445,Santiago Cepeda Barroso,1837711355,Eándar,14,Cuenca,3,2,No,85
ASEG-100446,Alicia Marcos Fortuny,0807136619,VIP,7,Zamora,2,3,Sí,51
ASEG-100447,Ruy Flores Arnaiz,0939075586,Corporativo,12,Loja,1,2,Sí,66
ASEG-100448,Úrsula Menéndez Villalba,1901463032,VIP,1,Cuenca,3,2,Sí,82
ASEG-100449,Sabina Sáenz Isern,2117513388,VIP,5,Cuenca,3,0,No,59
ASEG-100450,Renato Feijoo Macias,0542749122,Premium,14,Loja,2,0,No,79
ASEG-100451,Tere Asenjo Mármol,0419433883,VIP,3,Loja,3,0,Sí,64
ASEG-100452,Bernabé Pedro-Rueda,2316329479,Eándar,2,Cuenca,1,3,No,52
ASEG-100453,Perlita Sabater Pomares,0407501204,Eándar,13,Cuenca,1,0,Sí,87
ASEG-100454,Cayetana Valderrama Valencia,0653089938,Premium,14,Cuenca,2,0,Sí,87
ASEG-100455,Ángela Vives Lasa,1717917072,Premium,15,Loja,4,2,Sí,78
ASEG-100456,Prudencio Rodriguez Bermúdez,0629454737,Corporativo,2,Loja,2,3,No,95
ASEG-100457,María Cristina Escribano Marin,1850312636,Corporativo,4,Machala,4,2,No,62
ASEG-100458,Aroa Bernal Mosquera,1653066355,Eándar,2,Loja,2,3,No,94
ASEG-100459,Ezequiel Jacinto Rojas Diaz,0459909354,Corporativo,2,Azogues,2,3,No,67
ASEG-100460,Felicia Salvador Arnal,1927893691,Corporativo,9,Azogues,3,1,No,56
ASEG-100461,María Luisa Royo Llobet,0934610007,Eándar,3,Loja,4,2,Sí,69
ASEG-100462,Anselmo Ramis Parra,2007654425,Corporativo,8,Azogues,3,2,Sí,52
ASEG-100463,Rosario Cuesta,0434840161,VIP,15,Zamora,2,3,No,58
ASEG-100464,Calixto Ríos Arana,2334166655,Corporativo,9,Machala,2,0,No,66
ASEG-100465,Anastasio Guzman Pazos,1936393006,VIP,6,Zamora,1,2,No,56
ASEG-100466,Fátima Antúnez Corral,1224022309,Eándar,14,Zamora,3,0,No,60
ASEG-100467,Flora Peral Saldaña,1820645404,Corporativo,10,Loja,1,2,No,86
ASEG-100468,Luciano Cervantes Ávila,1140462480,VIP,3,Zamora,3,2,No,62
ASEG-100469,Gisela Miralles Lopez,2108520947,Premium,10,Zamora,1,0,No,67
ASEG-100470,Baudelio de Estrada,1944276383,Corporativo,11,Loja,3,1,No,75
ASEG-100471,Lorenza Pombo Carranza,2044710784,Corporativo,4,Machala,4,2,No,86
ASEG-100472,Roldán Juliá-Salmerón,1713116349,VIP,14,Loja,1,1,No,67
ASEG-100473,Mariano Machado,2112641127,VIP,8,Machala,4,3,No,91
ASEG-100474,Chus Casado Cerdá,0712072560,Eándar,12,Loja,4,0,Sí,55
ASEG-100475,Jaime Duque Salgado,2028943609,Premium,4,Machala,1,0,No,81
ASEG-100476,Sandalio Montenegro Olivera,0841835374,Premium,15,Loja,4,1,Sí,56
ASEG-100477,Leonardo Manrique Marín,0724254396,VIP,9,Cuenca,4,3,Sí,67
ASEG-100478,Pelayo Dávila Pardo,1237809684,Eándar,12,Cuenca,2,2,No,69
ASEG-100479,Consuelo Carrión,2205240993,VIP,5,Machala,1,1,No,63
ASEG-100480,Ruy Chamorro,1553867209,Corporativo,8,Cuenca,4,2,No,56
ASEG-100481,Ruperto del Amo,2325368740,Eándar,13,Cuenca,1,1,No,91
ASEG-100482,Manola Peinado Solsona,0132351271,Premium,14,Cuenca,4,2,No,80
ASEG-100483,Belén de Bastida,0916871411,Corporativo,14,Cuenca,2,0,Sí,85
ASEG-100484,Heliodoro Plinio Tejero Zaragoza,2119917140,Corporativo,10,Azogues,3,1,Sí,73
ASEG-100485,Rebeca Recio Benavent,1900579846,Premium,12,Cuenca,2,1,No,68
ASEG-100486,Federico Benavent Sandoval,1314228717,Premium,7,Zamora,2,0,No,66
ASEG-100487,Nieves Villar Ocaña,2039364019,VIP,12,Cuenca,4,1,No,95
ASEG-100488,Valentín Espada Castelló,2442003295,Eándar,1,Zamora,3,3,No,75
ASEG-100489,Lidia Baquero Casanova,0540114345,Eándar,6,Machala,4,1,No,57
ASEG-100490,Calista Mateu,0214923492,VIP,10,Machala,3,2,No,60
ASEG-100491,Cecilio Mora Gomis,2437186709,Premium,1,Machala,2,1,Sí,80
ASEG-100492,Lorenza Luz Bermúdez,0654184498,Corporativo,8,Machala,4,0,Sí,57
ASEG-100493,Clímaco Llobet-Casares,0318115284,Premium,10,Machala,1,1,No,54
ASEG-100494,Marino Juanito Bueno Valverde,1650329137,Eándar,14,Cuenca,3,1,Sí,55
ASEG-100495,Manu Correa Donoso,2354626307,Corporativo,6,Zamora,2,1,Sí,91
ASEG-100496,Pacífica Xiomara Nebot Armengol,1107560227,Corporativo,2,Machala,1,1,Sí,74
ASEG-100497,Apolinar Arroyo Landa,1057614487,VIP,15,Zamora,2,2,Sí,73
ASEG-100498,Rodolfo Riera,0734326044,VIP,10,Azogues,2,3,No,55
ASEG-100499,Micaela Ale Valenciano Manjón,1729667954,Eándar,5,Loja,4,3,Sí,80
